Seek the Lord and his strength; seek his presence continually!,1 Chronicles 16:11
"Be strong and courageous and do it. Do not be afraid and do not be dismayed, 
for the Lord God, even my God, is with you. He will not leave you or forsake you.",1 Chronicles 28:20
"No temptation has overtaken you that is not common to man. God is faithful, and he will not let you be tempted beyond your ability, but with the temptation he will also provide the way of escape, that you may be able to endure it.",1 Corinthians 10:13
"Love is patient; love is kind; love is not envious or boastful or arrogant or rude. It does not insist on its own way; it is not irritable or resentful; it does not rejoice in wrongdoing, but rejoices in the truth. It bears all things, believes all things, hopes all things, endures all things. Love never ends.",1 Corinthians 13:4-8
For in him you have been enriched in every way--with all kinds of speech and with all knowledge.,1 Corinthians 1:5
Therefore you do not lack any spiritual gift as you eagerly wait for our Lord Jesus Christ to be revealed.,1 Corinthians 1:7
"Or do you not know that your body is a temple of the Holy Spirit within you, 
whom you have from God? You are not your own, 
for you were bought with a price. So glorify God in your body.",1 Corinthians 6:19-20
"This is what we have heard from him and are declaring to you: God is light, and there is no darkness in him at all.",1 John 1:5
"If we claim to have fellowship with him and yet walk in the darkness,we lie and do not live out the truth.",1 John 1:6
"But if we live in light, as he is in light, we have a share in another's life, and the blood of Jesus, his Son, cleanses us from all sin.",1 John 1:7
"If we acknowledge our sins, he is trustworthy and upright, so that he will forgive our sins and will cleanse us from all evil.",1 John 1:9
"My children, I am writing this to prevent you from sinning; but if anyone does sin, we have an advocate with the Father, Jesus Christ, the upright.",1 John 2:1
"Do not love the world or what is in the world. If anyone does love the world, the love of the Father finds no place in him,",1 John 2:15
"He is the sacrifice to expiate our sins, and not only ours, but also those of the whole world.",1 John 2:2
You must see what great love the Father has lavished on us by letting us be called God's children -- which is what we are! The reason why the world does not acknowledge us is that it did not acknowledge him.,1 John 3:1
"This is the message which you heard from the beginning, that we must love one another,",1 John 3:11
"This is the proof of love, that he laid down his life for us, and we too ought to lay down our lives for our brothers.",1 John 3:16
"My dear friends, if our own feelings do not condemn us, we can be fearless before God, and whatever we ask we shall receive from him, because we keep his commandments and do what is acceptable to him.",1 John 3:21-22
"His commandment is this, that we should believe in the name of his Son Jesus Christ and that we should love one another as he commanded us.",1 John 3:23
"Whoever keeps his commandments remains in God, and God in him. And this is the proof that he remains in us: the Spirit that he has given us.",1 John 3:24
"Love consists in this: it is not we who loved God, but God loved us and sent his Son to expiate our sins.",1 John 4:10
"My dear friends, if God loved us so much, we too should love one another.",1 John 4:11
"No one has ever seen God, but as long as we love one another God remains in us and his love comes to its perfection in us.",1 John 4:12
"This is the proof that we remain in him and he in us, that he has given us a share in his Spirit.",1 John 4:13
We ourselves have seen and testify that the Father sent his Son as Saviour of the world.,1 John 4:14
"Anyone who acknowledges that Jesus is the Son of God, God remains in him and he in God.",1 John 4:15
"We have recognised for ourselves, and put our faith in, the love God has for us. God is love, and whoever remains in love remains in God and God in him.",1 John 4:16
"Love comes to its perfection in us when we can face the Day of Judgement fearlessly, because even in this world we have become as he is.",1 John 4:17
"In love there is no room for fear, but perfect love drives out fear, because fear implies punishment and no one who is afraid has come to perfection in love.",1 John 4:18
"Let us love, then, because he first loved us.",1 John 4:19
"Indeed this is the commandment we have received from him, that whoever loves God, must also love his brother.",1 John 4:21
"My dear friends, let us love one another, since love is from God and everyone who loves is a child of God and knows God.",1 John 4:7
"This is the revelation of God's love for us, that God sent his only Son into the world that we might have life through him.",1 John 4:9
"Whoever believes that Jesus is the Christ is a child of God, and whoever loves the father loves the son.",1 John 5:1
"This is the testimony: God has given us eternal life, and this life is in his Son.",1 John 5:11
"This is what the love of God is: keeping his commandments. Nor are his commandments burdensome,
because every child of God overcomes the world. And this is the victory that has overcome the world -- our faith.",1 John 5:3-4
Who can overcome the world but the one who believes that Jesus is the Son of God?,1 John 5:5
But now the Lord my God has given me rest on every side. There is neither adversary nor misfortune.,1 Kings 5:4
Therefore prepare your minds for action; discipline yourselves; set all your hope on the grace that Jesus Christ will bring you when he is revealed.,1 Peter 1:13
"Instead, as he who called you is holy, be holy yourselves in all your conduct; for it is written, ""You shall be holy, for I am holy.""",1 Peter 1:15-16
"You know that you were ransomed from the futile ways inherited from your ancestors, not with perishable things like silver or gold, but with the precious blood of Christ, like that of a lamb without defect or blemish.",1 Peter 1:18-19
"Through him you have come to trust in God, who raised him from the dead and gave him glory, so that your faith and hope are set on God.",1 Peter 1:21
"Now that you have purified your souls by your obedience to the truth so that you have genuine mutual love, love one another deeply from the heart.",1 Peter 1:22
"You have been born anew, not of perishable but of imperishable seed, through the living and enduring word of God.",1 Peter 1:23
"""All flesh is like grass and all its glory like the flower of grass. The grass withers, and the flower falls, but the word of the Lord endures forever.""",1 Peter 1:24-25
By his great mercy he has given us a new birth into a living hope through the resurrection of Jesus Christ from the dead.,1 Peter 1:3
"And into an inheritance that is imperishable, undefiled, and unfading, kept in heaven for you, who are being protected by the power of God through faith for a salvation ready to be revealed in the last time.",1 Peter 1:4-5
"In this you rejoice, even if now for a little while you have had to suffer various trials, so that the genuineness of your faith--being more precious than gold that, though perishable, is tested by fire--may be found to result in praise and glory and honor when Jesus Christ is revealed.",1 Peter 1:6-7
"Although you have not seen him, you love him; and even though you do not see him now, you believe in him and rejoice with an indescribable and glorious joy.",1 Peter 1:8
"For you are receiving the outcome of your faith, the salvation of your souls.",1 Peter 1:9
"Once you were not a people, but now you are God's people; once you had not received mercy, but now you have received mercy.",1 Peter 2:10
"He himself bore our sins in his body on the cross, so that, free from sins, we might live for righteousness; by his wounds you have been healed.",1 Peter 2:24
"For you were going astray like sheep, but now you have returned to the shepherd and guardian of your souls.",1 Peter 2:25
"Come to him, a living stone, though rejected by mortals yet chosen and precious in God's sight.",1 Peter 2:4
"Like living stones, let yourselves be built into a spiritual house, to be a holy priesthood, to offer spiritual sacrifices acceptable to God through Jesus Christ.",1 Peter 2:5
"Behold, I am laying in Zion a stone, a cornerstone chosen and precious, and he who believes in him will not be put to shame.",1 Peter 2:6
"But you are a chosen race, a royal priesthood, a holy nation, God's own people, that you may declare the wonderful deeds of him who called you out of darkness into his marvelous light.",1 Peter 2:9
Always be ready to make your defense to anyone who demands from you an accounting for the hope that is in you; yet do it with gentleness and reverence.,1 Peter 3:15-16
"If you speak, speak with the word of God. If you act, act with the word of God.",1 Peter 4:11
Therefore let those who suffer according to God's will entrust their souls to a faithful Creator while doing good.,1 Peter 4:19
So as to live for the rest of the time in the flesh no longer for human passions but for the will of God.,1 Peter 4:2
The end of all things is near. Therefore be clear minded and self-controlled so that you can pray.,1 Peter 4:7-8
"And after you have suffered a little while, the God of all grace, 
who has called you to his eternal glory in Christ, 
will himself restore, confirm, strengthen, and establish you.",1 Peter 5:10
"Clothe yourselves, all of you, with humility toward one another, 
for ""God opposes the proud but gives grace to the humble.""",1 Peter 5:5
"Humble yourselves, therefore, under the mighty hand of God 
so that at the proper time he may exalt you, 
casting all your anxieties on him, because he cares for you.",1 Peter 5:6-7
"Be sober-minded; be watchful. Your adversary the devil 
prowls around like a roaring lion, seeking someone to devour.
Resist him, firm in your faith, knowing that the same kinds of 
suffering are being experienced by your brotherhood throughout the world.",1 Peter 5:8-9
"For the Lord does not see as mortals see; they look on the outward appearance, but the Lord looks on the heart.",1 Samuel 16:7
"For the sake of Christ, then, I am content with weaknesses, 
insults, hardships, persecutions, and calamities. 
For when I am weak, then I am strong.",2 Corinthians 12:10
"""My grace is sufficient for you, for my power is made perfect in weakness."" 
Therefore I will boast all the more gladly of my weaknesses, 
so that the power of Christ may rest upon me.",2 Corinthians 12:9
"Who comforts us in all our affliction, so that we may be able to comfort those who are in any affliction, with the comfort with which we ourselves are comforted by God.",2 Corinthians 1:4
"Now the Lord is the Spirit, and where the Spirit of the Lord is, there is freedom.",2 Corinthians 3:17
"And all of us, with unveiled faces, seeing the glory of the Lord as though reflected in a mirror, are being transformed into the same image from one degree of glory to another; for this comes from the Lord, the Spirit.",2 Corinthians 3:18
Such is the confidence that we have through Christ toward God. Not that we are competent of ourselves to claim anything as coming from us; our competence is from God.,2 Corinthians 3:4-5
"Therefore, if anyone is in Christ, he is a new creation.The old has passed away; behold, the new has come.",2 Corinthians 5:17
"For he received honor and glory from God the Father when that voice was conveyed to him by the Majestic Glory, saying, ""This is my Son, my Beloved, with whom I am well pleased.""",2 Peter 1:17
"His divine power has given us everything needed for life and godliness, through the knowledge of him who called us by his own glory and goodness.",2 Peter 1:3
"For this very reason, you must make every effort to support your faith with goodness, and goodness with knowledge, and knowledge with self-control, and self-control with endurance, and endurance with godliness, and godliness with mutual affection, and mutual affection with love.",2 Peter 1:5-7
For God gave us a spirit not of fear but of power and love and self-control.,2 Timothy 1:7
"But you will receive the power of the Holy Spirit which will come on you, and then you will be my witnesses not only in Jerusalem but throughout Judaea and Samaria, and indeed to earth's remotest end.",Acts 1:8
"In all things I have shown you that by working hard in this way 
we must help the weak and remember the words of the Lord Jesus, 
how he himself said, 'It is more blessed to give than to receive.'""",Acts 20:35
"In the last days -- the Lord declares -- I shall pour out my Spirit on all humanity. Your sons and daughters shall prophesy, your young people shall see visions, your old people dream dreams.",Acts 2:17
"At this point I have nothing left, but I still have my heart, and with that I can always love.",Blessed Chiara Bandano
"The end for which we are created invites us to walk a road that is surely sown with a lot of thorns, but it is notsad; through even the sorrow, it is illuminated by joy.",Blessed Pier Giorgio Frassati
"To live without faith, without a heritage to defend, without battling constantly for truth, is not to live but to 'get along'; we must never just 'get along.'",Blessed Pier Giorgio Frassati
"So if you have been raised with Christ, seek the things that are above, where Christ is, seated at the right hand of God.",Colossians 3:1
"Therefore, as God's chosen people, holy and dearly loved, clothe yourselves with compassion, kindness, humility, gentleness and patience.",Colossians 3:12
"Bear with each other and forgive one another if any of you 
has a grievance against someone. Forgive as the Lord forgave you.",Colossians 3:13
"And over all these virtues put on love, which binds them all together in perfect unity.",Colossians 3:14
"Let the peace of Christ rule in your hearts, 
since as members of one body you were called to peace. And be thankful.",Colossians 3:15
"Let the message of Christ dwell among you richly as you teach and 
admonish one another with all wisdom through Psalm, hymns, 
and songs from the Spirit, singing to God with gratitude in your hearts.",Colossians 3:16
"And whatever you do, whether in word or deed, do it all 
in the name of the Lord Jesus, giving thanks to God the Father through him.",Colossians 3:17
"Set your minds on things that are above, not on things that are on earth, for you have died, and your life is hidden with Christ in God.",Colossians 3:2-3
"When Christ who is your life is revealed, then you also will be revealed with him in glory.",Colossians 3:4
"Be strong and courageous. Do not fear or be in dread of them, for it is the Lord your God who goes with you. He will not leave you or forsake you.",Deuteronomy 31:6
You shall love the Lord your God with all your heart and with all your soul and with all your might.,Deuteronomy 6:5
"In Christ we have also obtained an inheritance, having been destined according to the purpose of him who accomplishes all things according to his counsel and will, so that we, who were the first to set our hope on Christ, might live for the praise of his glory.",Ephesians 1:11-12
"Just as he chose us in Christ before the foundation of the world to be holy and blameless before him in love. He destined us for adoption as his children through Jesus Christ, according to the good pleasure of his will, to the praise of his glorious grace that he freely bestowed on us in the Beloved.",Ephesians 1:4-6
"In him we have redemption through his blood, the forgiveness of our trespasses, according to the riches of his grace that he lavished on us.",Ephesians 1:7-8
"For we are what he has made us, created in Christ Jesus for good works, which God prepared beforehand to be our way of life.",Ephesians 2:10
"But God, who is rich in mercy, out of the great love with which he loved us even when we were dead through our trespasses, made us alive together with Christ-- by grace you have been saved-- and raised us up with him and seated us with him in the heavenly places in Christ Jesus.",Ephesians 2:4-6
For by grace you have been saved through faith. And this is not your own doing; it is the gift of God.,Ephesians 2:8
"This was in accordance with the eternal purpose that he has carried out in Christ Jesus our Lord, in whom we have access to God in boldness and confidence through faith in him.",Ephesians 3:11-12
"Therefore be imitators of God, as beloved children, and live in love, as Christ loved us and gave himself up for us, a fragrant offering and sacrifice to God.",Ephesians 5:1-2
"Do not participate in the unfruitful deeds of darkness, but instead even expose them.",Ephesians 5:11
"But all things become visible when they are exposed by the light, 
for everything that becomes visible is light.",Ephesians 5:13
"Sleeper, awake!
    Rise from the dead,
and Christ will shine on you.",Ephesians 5:14
"Let no one deceive you with empty words, for because of these things the wrath of God comes upon the sons of disobedience.",Ephesians 5:6
"For you were formerly darkness, but now you are Light in the Lord; walk as children of Light; for the fruit of the Light consists in all goodness and righteousness and truth.",Ephesians 5:8-9
"Finally, be strong in the Lord and in the strength of his might. Put on the whole armor of God, that you may be able to stand against the schemes of the devil.",Ephesians 6:10-11
"Therefore take up the whole armor of God, that you may be able to withstand in the evil day, and having done all, to stand firm.",Ephesians 6:13
"A new heart I will give you, and a new spirit I will put within you; and I will remove from your body the heart of stone and give you a heart of flesh. You shall be my people, and I will be your God.","Ezekiel 36:26,28"
"I have been crucified with Christ; and it is no longer I who live, but Christ lives in me; and the life which I now live in the fleshI live by faith in the Son of God, who loved me and gave Himself up for me.",Galatians 2:20
And those who belong to Christ Jesus have crucified the flesh with its passions and desires.,Galatians 5:24
"For though the fig tree blossom not nor fruit be on the vines, though the yield of the olive fail and the terraces produce no nourishment, though the flocks disappear from the fold and there be no herd in the stalls, yet I will rejoice in the Lord and exult in my saving God.",Habakkuk 3:17-18
"Let us keep firm in the hope we profess, because the one who made the promise is trustworthy.",Hebrews 10:23
"Let us be concerned for each other, to stir a response in love and good works.",Hebrews 10:24
"Do not absent yourself from your own assemblies, as some do, but encourage each other; the more so as you see the Day drawing near.",Hebrews 10:25
"You will need perseverance if you are to do God's will and gain what he has promised.
Only a little while now, a very little while, for come he certainly will before too long.",Hebrews 10:36-37
"Only faith can guarantee the blessings that we hope for, or prove the existence of realities that are unseen.",Hebrews 11:1
"And without faith it is impossible to please Him, 
for he who comes to God must believe that He is 
and that He is a rewarder of those who seek Him.",Hebrews 11:6
"Let us also lay aside every weight, and sin which clings so closely, and let us run with endurance the race that is set before us.",Hebrews 12:1
"Of course, any discipline is at the time a matter for grief, not joy; but later, in those who have undergone it, it bears fruit in peace and uprightness.",Hebrews 12:11
"So steady all weary hands and trembling knees and make your crooked paths straight; then the injured limb will not be maimed, it will get better instead.",Hebrews 12:12-13
"Seek peace with all people, and the holiness without which no one can ever see the Lord.",Hebrews 12:14
Be careful that no one is deprived of the grace of God and that no root of bitterness should begin to grow and make trouble; this can poison a large number.,Hebrews 12:15
"Let us keep our eyes fixed on Jesus, who leads us in our faith and brings it to perfection: for the sake of the joy which lay ahead of him, he endured the cross, disregarding the shame of it, and has taken his seat at the right of God's throne.",Hebrews 12:2
"We have been given possession of an unshakeable kingdom. Let us therefore be grateful and use our gratitude to worship God in the way that pleases him, in reverence and fear.",Hebrews 12:28
Think of the way he persevered against such opposition from sinners and then you will not lose heart and come to grief.,Hebrews 12:3
"Have you forgotten that encouraging text in which you are addressed as sons? My son, do not scorn correction from the Lord, do not resent his training,
 for the Lord trains those he loves, and chastises every son he accepts.",Hebrews 12:5-6
Perseverance is part of your training; God is treating you as his sons. Has there ever been any son whose father did not train him?,Hebrews 12:7
"Continue to love each other like brothers, and remember always to welcome strangers, for by doing this, some people have entertained angels without knowing it.",Hebrews 13:1-2
"Through him then let us continually offer up a sacrifice of praise to God, that is, the fruit of lips that acknowledge his name.",Hebrews 13:15
"Keep doing good works and sharing your resources, for these are the kinds of sacrifice that please God.",Hebrews 13:16
"Keep in mind those who are in prison, as though you were in prison with them; and those who are being badly treated, since you too are in the body.",Hebrews 13:3
"Keep your lives free from the love of money, and be content with what you have; for he has said, ""I will never leave you or forsake you.""",Hebrews 13:5
"and so we can say with confidence: With the Lord on my side, I fear nothing: what can human beings do to me?",Hebrews 13:6
"Remember your leaders, who preached the word of God to you, and as you reflect on the outcome of their lives, take their faith as your model.",Hebrews 13:7
Jesus Christ is the same today as he was yesterday and as he will be for ever.,Hebrews 13:8
"In this saying: If only you would listen to him today; do not harden your hearts, as at the Rebellion,",Hebrews 3:15
"Every house is built by someone, of course; but God built everything that exists.",Hebrews 3:4
"Since in Jesus, the Son of God, we have the supreme high priest who has gone through to the highest heaven, we must hold firm to our profession of faith.",Hebrews 4:14
"Then a shoot will spring from the stem of Jesse, and a branch from his roots will bear fruit.",Isaiah 11:1
"Behold, God is my salvation; I will trust, and will not be afraid; for the Lord God is my strength and my song, and he has become my salvation.",Isaiah 12:2
"Strengthen the feeble hands, steady the knees that give way;",Isaiah 35:3
"Say to those with fearful hearts, ""Be strong, Do not fear; your God will come,he will come with vengeance; with divine retribution he will come to save you.""",Isaiah 35:4
He tends his flock like a shepherd; he gathers the lambs in his arms and carries them close to his heart; he gently leads those that have young.,Isaiah 40:11
"He gives strength to the weary, he strengthens the powerless.",Isaiah 40:29
"In the wilderness prepare the way for the Lord;
make straight in the desert a highway for our God.",Isaiah 40:3
"Those who hope in Yahweh will regain their strength, they will sprout wings like eagles, though they run they will not grow weary, though they walk they will never tire.",Isaiah 40:31
"Every valley shall be raised up, every mountain and hill made low;
the rough ground shall become level, the rugged places a plain.",Isaiah 40:4
"The grass withers and the flowers fall,
but the word of our God endures forever.",Isaiah 40:8
"Fear not, for I am with you; be not dismayed, for I am your God;I will strengthen you, I will help you, I will uphold you with my righteous right hand.",Isaiah 41:10
"I have blotted out your transgressions like a cloud and your sins like mist; return to me, for I have redeemed you.",Isaiah 44:22
"All we like sheep have gone astray; we have turned
--every one--to his own way; and the Lord has laid on him
the iniquity of us all.",Isaiah 53:6
"The Lord will guide you continually, and satisfy your needs in parched places, and make your bones strong; and you shall be like a watered garden, like a spring of water, whose waters never fail.",Isaiah 58:11
"Then your light shall break forth like the dawn, and your healing shall spring up quickly; your vindicator shall go before you, the glory of the Lord shall be your rear guard.",Isaiah 58:8
"Then you shall call, and the Lord will answer; you shall cry for help, and he will say, Here I am.",Isaiah 58:9
"Arise, shine, for your light has come,
and the glory of the Lord rises upon you.",Isaiah 60:1
"See, darkness covers the earth and thick darkness is over the peoples,
but the Lord rises upon you and his glory appears over you.",Isaiah 60:2
"The Spirit of the Lord is upon me, because the Lord has anointed me; He has sent me to bring glad tidings to the lowly, the heal the brokenhearted, to proclaim liberty to the captives and release to the prisoners.",Isaiah 61:1
"I will greatly rejoice in the Lord, my whole being shall exult in my God; for he has clothed me with the garments of salvation, he has covered me with the robe of righteousness, as a bridegroom decks himself with a garland, and as a bride adorns herself with her jewels.",Isaiah 61:10
"But now, O LORD, You are our Father, 
We are the clay, and You our potter; 
And all of us are the work of Your hand.",Isaiah 64:8
"Then I heard the voice of the Lord saying, 
""Whom shall I send? And who will go for us?""
And I said, ""Here am I. Send me!""",Isaiah 6:8
"Ask the Lord your God for a sign, 
whether in the deepest depths or in the highest heights.",Isaiah 7:11
"Therefore the Lord himself will give you a sign: 
The virgin will conceive and give birth to a son, 
and will call him Immanuel.",Isaiah 7:14
The people walking in darkness have seen a great light;on those living in the land of deep darkness a light has dawned.,Isaiah 9:2
"For as in the day of Midian's defeat,
you have shattered the yoke that burdens them,
the bar across their shoulders, the rod of their oppressor.",Isaiah 9:4
"Humble yourselves before the Lord, and he will exalt you.",James 4:10
"Submit yourselves therefore to God. 
Resist the devil, and he will flee from you.",James 4:7
"Draw near to God, and he will draw near to you. Cleanse your hands, 
you sinners, and purify your hearts, you double-minded.",James 4:8
"I know, O Lord, that the way of man is not in himself, 
that it is not in man who walks to direct his steps.",Jeremiah 10:23
"But as for me, behold, I am in your hands. Do with me as seems good and right to you.",Jeremiah 26:14
"For I know the plans I have for you, declares the Lord, 
plans for welfare and not for evil, to give you a future and a hope.",Jeremiah 29:11
If you would direct your heart right And spread out your hand to Him.,Job 11:13
"And rend your hearts and not your garments. Return to the Lord your God, 
for he is gracious and merciful, slow to anger, 
and abounding in steadfast love; and he relents over disaster.",Joel 2:13
"Amen, amen I say to you, unless a grain of wheat falls to the ground and dies, it remains just a grain of wheat; but if it dies, it produces much fruit.",John 12:24
"Walk while you have the light, before darkness overtakes you. 
Whoever walks in the dark does not know where they are going.",John 12:35
Let not your hearts be troubled. Believe in God; believe also in me.,John 14:1
"If you love me, you will keep my commandments.",John 14:15
"In that day you will know that I am in my Father, and you in me, and I in you.",John 14:20
"Peace I leave with you; my peace I give to you. 
Not as the world gives do I give to you. 
Let not your hearts be troubled, neither let them be afraid.",John 14:27
"And if I go and prepare a place for you, I will come again 
and will take you to myself, that where I am you may be also.",John 14:3
"I am the way, and the truth, and the life. No one comes to the Father except through me.",John 14:6
"If you keep my commandments, you will abide in my love, just as I have kept my Father's commandments and abide in his love. These things I have spoken to you, that my joy may be in you, and that your joy may be full.",John 15:10-11
"Greater love has no one than this, that someone lay down his life for his friends. You are my friends if you do what I command you.",John 15:13-14
"You did not choose me but I chose you. And I appointed you to go and heart fruit, fruit that will last. ",John 15:16
"Abide in me, and I in you. As the branch cannot bear fruit by itself, unless it abides in the vine, neither can you, unless you abide in me.",John 15:4
"I am the vine; you are the branches. Whoever abides in me and I in him, he it is that bears much fruit, for apart from me you can do nothing.",John 15:5
"If you abide in me, and my words abide in you, 
ask whatever you wish, and it will be done for you.",John 15:7
"So also you have sorrow now, but I will see you again, and your hearts will rejoice, and no one will take your joy from you.",John 16:22
"I have said these things to you, that in me you may have peace. In the world you will have tribulation. But take heart; I have overcome the world.",John 16:33
"Through him all things were made; 
without him nothing was made that has been made.",John 1:3
"In him was life, and that life was the light of all mankind. 
The light shines in the darkness, and the darkness has not overcome it.",John 1:4-5
"He came as a witness to testify concerning that light, 
so that through him all might believe. 
He himself was not the light; he came only as a witness to the light.",John 1:7-8
"Lord, you know everything; you know that I love you.",John 21:17
"For God so loved the world that he gave his one and only Son, that whoever believes in him shall not perish but have eternal life.",John 3:16
"For God did not send his Son into the world to condemn the world, but in order that the world might be saved through him.",John 3:17
"Master, to whom shall we go? You have the words of eternal life.",John 6:68
"Be strong and courageous. Do not be frightened, and do not be dismayed, for the Lord your God is with you wherever you go.",Joshua 1:9
"But this I call to mind and therefore I have hope. The steadfast love of the Lord never ceases, his mercies never come to an end; they are new every morning; great is your faithfulness. ""The Lord is my portion,"" says my soul, ""therefore I will hope in him."" The Lord is good to those who wait for him, to the soul that seeks him. It is good that one should wait quietly for the salvation of the Lord.",Lamentations 3:21-26
You are anxious and worried about many things. There is need of only one thing. Mary has chosen the better part and it will not be taken from her.,Luke 10:41-42
"So therefore, any one of you who does not renounce all that he has cannot be my disciple.",Luke 14:33
"But while he was still a long way off, his father saw him and felt compassion. 
and ran and embraced him and kissed him.",Luke 15:20
"Just so, I tell you, there will be more joy in heaven over 1 sinner who repentsthan over 99 righteous persons who need no repentance.",Luke 15:7
"For everyone who exalts himself will be humbled, but the one who humbles himself will be exalted.",Luke 18:14
"Come down quickly, for today I must stay at your house.",Luke 19:5
Nothing is impossible for God.,Luke 1:37
"And Mary said, ""Behold, I am the servant of the Lord; 
let it be to me according to your word.""",Luke 1:38
"Father, into your hands I commit my spirit!",Luke 23:46
Do not be afraid. I bring you good news that will cause great joy for all the people.,Luke 2:10
"Glory to God in the highest heaven,                                               
and on earth peace to those on whom his favor rests.",Luke 2:14
"Master, we have worked hard all night and have caught nothing, but at your command I will lower the nets.",Luke 5:5
"If anyone would come after me, 
let him deny himself and take up his cross daily and follow me. 
For whoever would save his life will lose it, 
but whoever loses his life for my sake will save it.",Luke 9:23-24
"Jesus, Son of David, have mercy on me.",Mark 10:47
"Therefore keep watch because you do not know when
 the owner of the house will come back --whether in the evening,
or at midnight, or when the rooster crows, or at dawn.",Mark 13:35
"If he comes suddenly, do not let him find you sleeping. 
What I say to you, I say to everyone: 'Watch!'",Mark 13:36-37
"Abba, Father, all things are possible for you.
Remove this cup from me. Yet not what I will, but what you will.",Mark 14:36
"Do not fear, only believe.",Mark 5:36
"If any want to become my followers, let them deny themselves and take up their cross and follow me.
For those who want to save their life will lose it, and those who lose their life for my sake, and for the sake of the gospel, will save it.",Mark 8:34-35
"Come to me, all you who labour and are overburdened, and I will give you rest.",Matthew 11:28
"Come to me, all you that are weary and are carrying heavy burdens, and I will give you rest.
Take my yoke upon you, and learn from me; for I am gentle and humble in heart, and you will find rest for your souls.",Matthew 11:28-29
"Shoulder my yoke and learn from me, for I am gentle and humble in heart, and you will find rest for your souls.",Matthew 11:29
Blessed is anyone who does not stumble on account of me.,Matthew 11:6
Anyone who does the will of my Father in heaven is my brother and sister and mother.',Matthew 12:50
"But blessed are your eyes because they see, your ears because they hear!",Matthew 13:16
"And the seed sown in rich soil is someone who hears the word and understands it; this is the one who yields a harvest and produces now a hundredfold, now sixty, now thirty.",Matthew 13:23
"The kingdom of Heaven is like treasure hidden in a field which someone has found; he hides it again, goes off in his joy, sells everything he owns and buys the field.",Matthew 13:44
"Again, the kingdom of Heaven is like a merchant looking for fine pearls; when he finds one of great value he goes and sells everything he owns and buys it.",Matthew 13:45-46
"Take courage! It is I, do not be afraid! You of little faith, why did you doubt?","Matthew 14:27,31"
"He said, ""Come."" So Peter got out of the boat and walked on the water and came to Jesus.",Matthew 14:29
"But you,' he said, 'who do you say I am?'
Then Simon Peter spoke up and said, 'You are the Christ, the Son of the living God.'",Matthew 16:15-16
"If anyone wishes to come after Me, 
he must deny himself, and take up his cross and follow Me. 
For whoever wishes to save his life will lose it;
but whoever loses his life for My sake will find it.",Matthew 16:24-25
"...In truth I tell you, if your faith is the size of a mustard seed you will say to this mountain, ""Move from here to there,"" and it will move; nothing will be impossible for you.'",Matthew 17:20
"He was still speaking when suddenly a bright cloud covered them with shadow, and suddenly from the cloud there came a voice which said, 'This is my Son, the Beloved; he enjoys my favour. Listen to him.'",Matthew 17:5
"But Jesus came up and touched them, saying, 'Stand up, do not be afraid.'",Matthew 17:7
"Then Peter went up to him and said, 'Lord, how often must I forgive my brother if he wrongs me? As often as seven times?' Jesus answered, 'Not seven, I tell you, but seventy-seven times.'",Matthew 18:21-22
"So the last will be first, and the first last.",Matthew 20:16
"And anyone who wants to be first among you must be your slave,
 just as the Son of man came not to be served but to serve, and to give his life as a ransom for many.'",Matthew 20:27-28
"Jesus stopped, called them over and said, 'What do you want me to do for you?'",Matthew 20:32
"Jesus felt pity for them and touched their eyes, and at once their sight returned and they followed him.",Matthew 20:34
"Jesus answered, 'In truth I tell you, if you have faith and do not doubt at all, not only will you do what I have done to the fig tree, but even if you say to this mountain, ""Be pulled up and thrown into the sea,"" it will be done.",Matthew 21:21
"Jesus said to him, 'You must love the Lord your God with all your heart, with all your soul, and with all your mind.",Matthew 22:37
"...""In truth I tell you, in so far as you did this to one of the least of these brothers of mine, you did it to me.""",Matthew 25:40
"My Father, if it be possible, let this cup pass from me; 
nevertheless, not as I will, but as you will.",Matthew 26:39
"Repent, for the kingdom of heaven is at hand.",Matthew 3:2
"Prepare the way for the Lord, make straight paths for him.",Matthew 3:3
Blessed are those who are persecuted in the cause of uprightness: the kingdom of Heaven is theirs.,Matthew 5:10
"Blessed are you when people abuse you and persecute you and speak all kinds of calumny against you falsely on my account. Rejoice and be glad, for your reward will be great in heaven; this is how they persecuted the prophets before you.",Matthew 5:11-12
You are light for the world. A city built on a hill-top cannot be hidden.,Matthew 5:14
"In the same way your light must shine in people's sight, so that, seeing your good works, they may give praise to your Father in heaven.",Matthew 5:16
How blessed are the poor in spirit: the kingdom of Heaven is theirs.,Matthew 5:3
Blessed are the gentle: they shall have the earth as inheritance.,Matthew 5:4
Blessed are those who mourn: they shall be comforted.,Matthew 5:5
Blessed are those who hunger and thirst for uprightness: they shall have their fill.,Matthew 5:6
Blessed are the merciful: they shall have mercy shown them.,Matthew 5:7
Blessed are the pure in heart: they shall see God.,Matthew 5:8
Blessed are the peacemakers: they shall be recognised as children of God.,Matthew 5:9
"Do not store up treasures for yourselves on earth, where moth and woodworm destroy them and thieves can break in and steal.
But store up treasures for yourselves in heaven, where neither moth nor woodworm destroys them and thieves cannot break in and steal.",Matthew 6:19-20
"For wherever your treasure is, there will your heart be too.",Matthew 6:21
Look at the birds in the sky. They do not sow or reap or gather into barns; yet your heavenly Father feeds them. Are you not worth much more than they are?,Matthew 6:26
"Set your hearts on his kingdom first, and on God's saving justice, and all these other things will be given you as well.",Matthew 6:33
"But seek first the kingdom of God and his righteousness, 
and all these things will be added to you.",Matthew 6:33
"Not everyone who says to me, 'Lord, Lord,' will enter the kingdom of heaven, 
but the one who does the will of my Father who is in heaven.",Matthew 7:21
"Ask, and it will be given to you; search, and you will find; knock, and the door will be opened to you.",Matthew 7:7
"And he said to them, 'Why are you so frightened, you who have so little faith?' And then he stood up and rebuked the winds and the sea; and there was a great calm.",Matthew 8:26
"Go and learn the meaning of the words: Mercy is what pleases me, not sacrifice. And indeed I came to call not the upright, but sinners.'",Matthew 9:13
"And when Jesus reached the house the blind men came up to him and he said to them, 'Do you believe I can do this?' They said, 'Lord, we do.'
Then he touched their eyes saying, 'According to your faith, let it be done to you.'",Matthew 9:28-29
"Then he said to his disciples, 'The harvest is rich but the labourers are few, so ask the Lord of the harvest to send out labourers to his harvest.",Matthew 9:37
"I am confident of this, that the one who began a good work among you will bring it to completion by the day of Jesus Christ.",Philippians 1:6
"Do all things without grumbling or questioning, that you may be blameless and innocent, children of God without blemish in the midst of a crooked and twisted generation, among whom you shine as lights in the world.",Philippians 2:14-15
I can do all things through him who strengthens me.,Philippians 4:13
"Do not be anxious about anything, but in everything 
by prayer and supplication with thanksgiving 
let your requests be made known to God.",Philippians 4:6
"And the peace of God, which surpasses all understanding, will guard your hearts and your minds in Christ Jesus.",Philippians 4:7
Each of us is the result of a thought of God. Each of us is willed. Each of us is loved. Each of us is necessary.,Pope Benedict XVI
"Do not be afraid of Christ! He takes nothing away, and he gives you everything.",Pope Benedict XVI
The world offers you comfort. But you were not made for comfort. You were made for greatness.,Pope Benedict XVI
"Holiness does not consist in not making mistakes or never sinning. Holiness grows with capacity for conversion, repentance, willingness to begin again, and above all with the capacity for reconciliation and forgiveness.",Pope Benedict XVI
I have a mustard seed; and I am not afraid to use it.,Pope Benedict XVI
"When a man's ways please the Lord, he makes even his enemies to be at peace with him.",Proverbs 16:7
"My son, give me your heart, and let your eyes observe my ways.",Proverbs 23:26
"Whoever conceals his transgressions will not prosper, 
but he who confesses and forsakes them will obtain mercy.",Proverbs 28:13
"Trust in the Lord with all your heart, 
and do not lean on your own understanding. 
In all your ways acknowledge him, and he will make straight your paths.",Proverbs 3:5-6
How can I repay the Lord for all the good done for me?,Psalm 116:12
"Lord, my heart is not proud; nor are my eyes haughty. I do not busy myself with great matters, with things too sublime for me.",Psalm 131:1
"I love you, Lord, my strength, my rock, my fortress, my deliverer.",Psalm 18:1
"Even though I walk through the valley of the shadow of death, I will fear no evil, for you are with me; your rod and your staff, they comfort me.",Psalm 23:4
"One thing I ask of the Lord; this I seek: to dwell in the Lord's house all the days of my life, to gaze on the Lord's beauty, to visit his temple.",Psalm 27:4
"You have turned for me my mourning into dancing; you have loosed my sackcloth and clothed me with gladness,",Psalm 30:11
"My heart is steadfast, O God, my heart is steadfast. I will sing and make melody.",Psalm 57:8
"God, you are my God, I pine for you; my heart thirsts for you, my body longs for you, as a land parched, dreary and waterless.",Psalm 63:1
Better one day in your courts than a thousand elsewhere. Better the threshold of the house of my God than a home in the tents of the wicked.,Psalm 84:11
"Know that the Lord is God. It is he that made us, and we are his; we are his people, and the sheep of his pasture.",Psalm 100:3
"For the Lord is good; his steadfast love endures forever, and his faithfulness to all generations.",Psalm 100:5
I will walk with integrity of heart within my house; I will not set before my eyes anything that is base.,Psalm 101:2-3
"He is not afraid of bad news; his heart is firm, trusting in the Lord.",Psalm 112:7
"Your word is a lamp for my feet, a light on my path.",Psalm 119:105
"I have gone astray like a lost sheep; seek your servant, for I do not forget your commandments.",Psalm 119:176
"O Lord, you have searched me and known me. You know when I sit down and when I rise up; you discern my thoughts from far away. You search out my path and my lying down, and are acquainted with all my ways.",Psalm 139:1-3
"For it was you who formed my inward parts; you knit me together in my mother's womb. I praise you, for I am fearfully and wonderfully made. Wonderful are your works; that I know very well.",Psalm 139:13-14
"Search me, O God, and know my heart; test me and know my thoughts. See if there is any wicked way in me, and lead me in the way everlasting.",Psalm 139:23-24
"Even before a word is on my tongue, O Lord, you know it completely. You hem me in, behind and before, and lay your hand upon me. Such knowledge is too wonderful for me; it is so high that I cannot attain it.",Psalm 139:4-6
Where can I go from your spirit? Or where can I flee from your presence?,Psalm 139:7
"But I have trusted in your steadfast love; 
my heart shall rejoice in your salvation.
I will sing to the Lord, because he has dealt bountifully with me.",Psalm 13:5-6
"But my eyes are turned toward you, O God, my Lord; in you I seek refuge; do not leave me defenseless. Keep me from the trap that they have laid for me, and from the snares of evildoers.",Psalm 141:8-9
"Blessed be the Lord, my rock, who trains my hands for war,and my fingers for battle.",Psalm 144:1
"He is my steadfast love and my fortress, my stronghold and my deliverer,my shield and he in whom I take refuge, who subdues peoples under me.",Psalm 144:2
"Blessed are those whose help is the God of Jacob,whose hope is in the Lord their God.",Psalm 146:5
"The Lord sets prisoners free,
the Lord gives sight to the blind,
the Lord lifts up those who are bowed down,",Psalm 146:7-8
He heals the brokenhearted and binds up their wounds.,Psalm 147:3
"I have set the Lord always before me; because he is at my right hand, I shall not be shaken.",Psalm 16:8
"The Lord is my rock and my fortress and my deliverer,my God, my rock, in whom I take refuge,my shield, and the horn of my salvation, my stronghold.",Psalm 18:2
For it is you who light my lamp;the Lord my God lightens my darkness.,Psalm 18:28
"For by you I can run against a troop,
and by my God I can leap over a wall.",Psalm 18:29
"I call upon the Lord, who is worthy to be praised,and I am saved from my enemies.",Psalm 18:3
"This God--his way is perfect; the word of the Lord proves true;
he is a shield for all those who take refuge in him.",Psalm 18:30
"You have given me the shield of your salvation, and your right hand supported me,and your gentleness made me great.",Psalm 18:35
For you equipped me with strength for the battle;you made those who rise against me sink under me.,Psalm 18:39
"In my distress I called upon the Lord; to my God I cried for help.
From his temple he heard my voice, and my cry to him reached his ears.",Psalm 18:6
"They are like trees planted by streams of water, which yield their fruit in its season, and their leaves do not wither. In all that they do, they prosper.",Psalm 1:3
"Even though I walk through the valley of the shadow of death,
I will fear no evil, for you are with me;
your rod and your staff, they comfort me.",Psalm 23:4
"The earth is the Lord's, and everything in it,
the world, and all who live in it;",Psalm 24:1
"Who may ascend the mountain of the Lord? 
Who may stand in his holy place?
The one who has clean hands and a pure heart,
 who does not trust in an idol or swear by a false god.",Psalm 24:3-4
"The Lord is my light and my salvation-- whom shall I fear?
The Lord is the stronghold of my life-- of whom shall I be afraid?",Psalm 27:1
"Though an army besiege me, my heart will not fear;
though war break out against me, even then I will be confident.",Psalm 27:3
"The Lord is my strength and my shield; in him my heart trusts, and I am helped; 
my heart exults, and with my song I give thanks to him.",Psalm 28:7
"Be strong, and let your heart take courage, all you who wait for the Lord!",Psalm 31:24
"You are my hiding place; you will protect me from trouble 
and surround me with songs of deliverance.",Psalm 32:7
The Lord is near to the brokenhearted and saves the crushed in spirit.,Psalm 34:18
"Be still before the Lord, and wait patiently for him;
    do not fret over those who prosper in their way,
    over those who carry out evil devices.",Psalm 37:7
"Why are you down in the dumps, dear soul?
Why are you crying the blues?
Fix my eyes on God-- soon I'll be praising again.
He puts a smile on my face. He's my God.",Psalm 43:5
"God is our refuge and strength, a very present help in trouble. Therefore we will not fear.",Psalm 46:1-2
"""Be still, and know that I am God! I am exalted among the nations, I am exalted in the earth."" The Lord of hosts is with us; the God of Jacob is our refuge.",Psalm 46:10-11
"And call upon me in the day of trouble; 
I will deliver you, and you shall glorify me.",Psalm 50:15
"Create in me a clean heart, O God, and put a new and right spirit within me. Do not cast me away from your presence, and do not take your holy spirit from me. Restore to me the joy of your salvation, and sustain in me a willing spirit.",Psalm 51:10-12
You desire truth in the inward being; therefore teach me wisdom in my secret heart.,Psalm 51:6
"When I am afraid, I put my trust in you. 
In God, whose word I praise, in God I trust; I shall not be afraid.",Psalm 56:3-4
"How lovely is your dwelling place, O Lord of hosts! My soul longs, indeed it faints for the courts of the Lord; my heart and my flesh sing for joy to the living God.",Psalm 84:1-2
For the Lord God is a sun and shield; he bestows favor and honor. No good thing does the Lord withhold from those who walk uprightly.,Psalm 84:11
"Will you not revive us again, so that your people may rejoice in you? Show us your steadfast love, O Lord, and grant us your salvation.",Psalm 85:6-7
"Let me hear what God the Lord will speak, for he will speak peace to his people, to his faithful, to those who turn to him in their hearts.",Psalm 85:8
"I will say to the Lord, ""My refuge and my fortress,
my God, in whom I trust.""",Psalm 91:2
"For he will deliver you from the snare of the fowler
and from the deadly pestilence.",Psalm 91:3
"He will cover you with his pinions,and under his wings you will find refuge; his faithfulness is a shield and buckler.",Psalm 91:4
"For he is our God,
    and we are the people of his pasture,
    and the sheep of his hand.
O that today you would listen to his voice!
    Do not harden your hearts, as at Meribah,
    as on the day at Massah in the wilderness,",Psalm 95:7-8
"When he calls to me, I will answer him; I will be with him in trouble;
I will rescue him and honor him. With long life I will satisfy him
and show him my salvation.",Psalm 9:15-16
"Because you have made the Lord your dwelling place -- the Most High, who is my refuge --  no evil shall be allowed to befall you,no plague come near your tent.",Psalm 9:9-10
"He will wipe away every tear from their eyes, and death shall be no more,
 neither shall there be mourning, nor crying, nor pain anymore, 
for the former things have passed away.",Revelation 21:4
"I appeal to you therefore, brothers and sisters, by the mercies of God, to present your bodies as a living sacrifice, holy and acceptable to God, which is your spiritual worship.",Romans 12:1
Love one another with brotherly affection. Outdo one another in showing honor.,Romans 12:10
"Do not be conformed to this world, but be transformed by 
the renewal of your mind, that by testing you may 
discern what is the will of God, 
what is good and acceptable and perfect.",Romans 12:2
"The hour has already come for you to wake up from your slumber, because our salvation is nearer now than when we first believed.",Romans 13:11
"The night is nearly over; the day is almost here.
So let us put aside the deeds of darkness and put on the armor of light.",Romans 13:12
"Rather, clothe yourselves with the Lord Jesus Christ, 
and do not think about how to gratify the desires of the flesh.",Romans 13:14
"For if we live, we live for the Lord, and if we die, we die for the Lord; so then, whether we live or die, we are the Lord's.",Romans 14:8
"May the God of hope fill you with all joy and peace in believing, so that by the power of the Holy Spirit you may abound in hope.",Romans 15:13
"Accept one another, then, just as Christ accepted you, in order to bring praise to God.",Romans 15:7
"Let not sin therefore reign in your mortal body, to make you obey its passions.",Romans 5:12
"For sin will have no dominion over you, since you are not under law but under grace.",Romans 5:14
"And not only that, but we also boast in our sufferings, knowing that suffering produces endurance, and endurance produces character, and character produces hope, and hope does not disappoint us, because God's love has been poured into our hearts through the Holy Spirit that has been given to us.",Romans 5:3-5
"But God shows his love for us in that while we were still sinners, 
Christ died for us.",Romans 5:8
"So you also must consider yourselves dead to sin 
and alive to God in Christ Jesus.",Romans 6:11
"Let not sin therefore reign in your mortal body, to make you obey its passions.",Romans 6:12
"For sin will have no dominion over you, since you are not under law but under grace.",Romans 6:14
"For all who are led by the Spirit of God are children of God. For you did not receive a spirit of slavery to fall back into fear, but you have received a spirit of adoption. When we cry, ""Abba! Father!""",Romans 8:14-15
"For I consider that the sufferings of this present time 
are not worth comparing with the glory that is to be revealed to us.",Romans 8:18
"For in hope we were saved. Now hope that is seen is not hope. For who hopes for what is seen? But if we hope for what we do not see, we wait for it with patience.",Romans 8:24-25
"And we know that for those who love God all things work together for good, 
for those who are called according to his purpose.",Romans 8:28
"For I am sure that neither death nor life, nor angels nor rulers, 
nor things present nor things to come, nor powers, nor height nor depth, 
nor anything else in all creation, will be able to separate us 
from the love of God in Christ Jesus our Lord.",Romans 8:38-39
"Do not ask me to abandon or forsake you! For wherever you go I will go, wherever you lodge I will lodge, your people shall be my people, and your God my God.",Ruth 1:16
"My child, when you come to serve the Lord, prepare yourself for testing. Set your heart right and be steadfast, and do not be impetuous in time of calamity.",Sirach 2:1-2
Consider the generations of old and see: has anyone trusted in the Lord and been disappointed? Or has anyone persevered in the fear of the Lord and been forsaken? Or has anyone called upon him and been neglected? For the Lord is compassionate and merciful; he forgives sins and saves in time of distress.,Sirach 2:10-11
"Those who fear the Lord prepare their hearts, and humble themselves before him.",Sirach 2:17
"Accept whatever befalls you, and in times of humiliation be patient. For gold is tested in the fire, and those found acceptable, in the furnace of humiliation.",Sirach 2:4-5
"Trust in him, and he will help you; make your ways straight, and hope in him.",Sirach 2:6
"You who fear the Lord, wait for his mercy; do not stray, or else you may fall.",Sirach 2:7
"You who fear the Lord, trust in him, and your reward will not be lost.",Sirach 2:8
"You who fear the Lord, hope for good things, for lasting joy and mercy.",Sirach 2:9
"If anyone comes to me, I want to lead them to Him.",St Edith Stein
Surrender without reservation to the Lord who has called us. This is required of us so that the face of the world may be renewed.,St Edith Stein
"Let us love the Cross and let us remember that we are not alone in carrying it. God is helping us. And in God who is comforting us, as St. Paul says, we can do anything.",St Gianna Beretta Molla
Do not be afraid. Do not be satisfied with mediocrity. Put out into the deep and let down your nets for a catch.,St John Paul II
"The way Jesus shows you is not easy. Rather, it is like a path winding up a mountain. Do not lose heart! The steeper the road, the faster it rises towards ever wider horizons.",St John Paul II
"Jesus does not say 'no' to the authentic demands of the heart, but only a clear, loud 'yes' to life, to love, to freedom, to peace and to hope.",St John Paul II
If God created shadows it is to better emphasize the light.,St John XXIII
"Consult not your fears but your hopes and your dreams. Think not about your frustrations, but about your unfulfilled potential. Concern yourself not with what you tried and failed in, but with what it is still possible.",St John XXIII
To begin is for everyone. To persevere is for saints.,St Josemaria Escriva
"You don't know how to pray? Put yourself in the presence of God, and as soon as you have said, ""Lord, I don't know how to pray!"" you can be sure you have already begun.",St Josemaria Escriva
"There is something holy, something divine in the most ordinary situations, and it is up to each of you to discover it.",St Josemaria Escriva
"He loves, He hopes, He waits. Our Lord prefers to wait Himself for the sinner for years than keep us waiting an instant.",St Maria Goretti
"Aspire not to have more, but to be more.",St Oscar Romero
"Pray, hope, and don't worry. Worry is useless. God is merciful and will hear your prayer.",St Padre Pio
"The longer the trial to which God subjects you, the greater the goodness in comforting you during the time of the trial and in the exaltation after the combat.",St Padre Pio
"My past, O Lord, to Your mercy; my present, to Your love; my future, to Your providence.",St Padre Pio
Joy is a net of love in which you can catch souls.,St Teresa of Calcutta
God has not called me to be successful. He has called me to be faithful.,St Teresa of Calcutta
Be faithful in small things because it is in them that your strength lies.,St Teresa of Calcutta
Only God can see what is in the bottom of our hearts; we are half-blind.,St Therese of Lisieux
"For the grace of God has appeared that offers salvation to all people. It teaches us to say ""No"" to ungodliness and worldly passions, and to live self-controlled, upright and godly lives in this present age,",Titus 2:11-12
"Who gave himself for us to redeem us from all wickedness 
and to purify for himself a people that are his very own, 
eager to do what is good.",Titus 2:14
"He saved us, not because of works done by us in righteousness, 
but according to his own mercy, 
by the washing of regeneration and renewal of the Holy Spirit,",Titus 3:5
God does not love us because we are valuable. We are valuable because God loves us.,Venerable Fulton Sheen
It's impossible to lose your footing when you are on your knees.,Venerable Fulton Sheen
"The Lord has taken away your punishment, 
he has turned back your enemy.
The Lord, the King of Israel, is with you; 
never again will you fear any harm.",Zephaniah 3:15
"The Lord your God is with you, the Mighty Warrior who saves. He will take great delight in you; in his love he will no longer rebuke you, but will rejoice over you with singing.",Zephaniah 3:17
